{"extensionType":"field_faas","i18nMap":{"zh-CN":{"source":"选择待解析的字段","p1":"请选择文本类型字段","bankName":"银行名字","cardType":"卡种"},"en-US":{"source":"Select the field to convert","p1":"Please select a text field.","bankName":"Bank Name","cardType":"Card Type"},"ja-JP":{"source":"変換するフィールドを選択","p1":"テキストタイプのフィールドを選択","bankName":"銀行名","cardType":"カード種別"}},"fields":[{"fieldType":25,"uiSchema":{"fieldsConfigEditor":{"component":"OpenFieldMetaEditor","props":{"schema":{"items":[{"key":"source","label":"${{source}}","component":"FieldSelect","props":{"supportType":[1],"placeholder":"${{p1}}"},"validator":{"required":true}}]}}}},"presetFieldConfig":{"fieldProperty":{"propertyType":25,"icon":{"light":"https://lf3-static.bytednsdoc.com/obj/eden-cn/abjayvoz/ljhwZthlaukjlkulzlp/2024H2/yinhangka.png?x-resource-account=public"},"properties":[{"key":"primaryProperty","title":"${{bankName}}","propertyType":1},{"key":"id","title":"${{bankName}}","propertyType":1,"hidden":true},{"key":"cardType","title":"${{cardType}}","propertyType":1}]},"externalEditorConfig":{}}}]}