{"extensionType":"field_faas","i18nMap":{"zh-CN":{"source":"选择待解析的字段","p1":"请选择文本类型字段","type1":"不带音调拼音","type2":"带音调拼音","type3":"拼音首字母小写","type4":"拼音首字母大写"},"en-US":{"source":"Select the field to parse","p1":"Please select a text-type field","type1":"Pinyin without tones","type2":"Pinyin with tones","type3":"Lowercase pinyin initials","type4":"Uppercase pinyin initials"},"ja-JP":{"source":"解析するフィールドを選択してください","p1":"テキストタイプのフィールドを選択してください","type1":"声調なしのピンイン","type2":"声調付きのピンイン","type3":"小文字のピンインの頭文字","type4":"大文字のピンインの頭文字"}},"fields":[{"fieldType":25,"uiSchema":{"fieldsConfigEditor":{"component":"OpenFieldMetaEditor","props":{"schema":{"items":[{"key":"source","label":"${{source}}","component":"FieldSelect","props":{"supportType":[1],"placeholder":"${{p1}}"},"validator":{"required":true}}]}}}},"presetFieldConfig":{"fieldProperty":{"propertyType":25,"icon":{"light":"https://lf3-static.bytednsdoc.com/obj/eden-cn/abjayvoz/ljhwZthlaukjlkulzlp/2024H2/more/chi/pinyin.svg"},"properties":[{"key":"primaryProperty","title":"${{type1}}","propertyType":1},{"key":"id","title":"${{type1}}","propertyType":1,"hidden":true},{"key":"type2","title":"${{type2}}","propertyType":1},{"key":"type3","title":"${{type3}}","propertyType":1},{"key":"type4","title":"${{type4}}","propertyType":1}]},"externalEditorConfig":{}},"disableAutoUpdate":false}]}